Time,Sensor 1,Sensor 2,Sensor 3,Sensor 4,Sensor 5,Sensor 6,Sensor 7,Sensor 8,Solid fraction,Liquid fraction,Stored
00:55:45,76,45,67,78,81,45,67,92,0.27631060307449745,0.7236893969255026,1000
00:55:47,60,51,64,68,82,78,45,78,0.6130040112221475,0.38699598877785246,1000
